# base	fc544d3b57f27f1422969fca0002cb2bff30ab17
# hardened	377c16e8de65d1b5885c4aa26e404f37b90aa2ca
# upstream	e40c72c823c6502906d4024933f0c119b5ca17cf
# target	ce3522c767bbffddaa71e7e8430e79140e4c554d
# Equality compares complete Git entries, including file mode.
# matches-base means the retained file delta is absent verbatim;
# diverged requires review. Neither is a semantic security verdict.
status	path	upstream	target
A	.github/FUNDING.yml	matches-base	matches-base
M	.gitignore	matches-base	diverged
M	COPYRIGHT	matches-base	matches-base
M	Makefile	matches-base	diverged
M	Makefile.inc1	matches-base	diverged
M	Makefile.libcompat	matches-base	diverged
M	ObsoleteFiles.inc	matches-base	diverged
M	README.md	matches-base	diverged
A	UPDATING-HardenedBSD	matches-base	matches-base
M	bin/setfacl/setfacl.c	matches-base	matches-base
M	bin/sh/Makefile	matches-base	matches-base
M	bin/uuidgen/uuidgen.1	matches-base	matches-base
M	bin/uuidgen/uuidgen.c	matches-base	matches-base
M	cddl/lib/libzfs/Makefile	matches-base	diverged
M	cddl/sbin/zpool/Makefile	matches-base	matches-base
M	contrib/file/src/compress.c	matches-base	diverged
A	contrib/hardenedbsd/liblattzfs/Makefile	matches-base	matches-base
A	contrib/hardenedbsd/liblattzfs/README.md	matches-base	matches-base
A	contrib/hardenedbsd/liblattzfs/include/liblattzfs.h	matches-base	matches-base
A	contrib/hardenedbsd/liblattzfs/obj/.gitignore	matches-base	matches-base
A	contrib/hardenedbsd/liblattzfs/poc/Makefile	matches-base	matches-base
A	contrib/hardenedbsd/liblattzfs/poc/obj/.gitignore	matches-base	matches-base
A	contrib/hardenedbsd/liblattzfs/poc/poc.c	matches-base	matches-base
A	contrib/hardenedbsd/liblattzfs/src/liblattzfs.c	matches-base	matches-base
M	contrib/jemalloc/src/pages.c	matches-base	matches-base
M	contrib/less/command.c	matches-base	diverged
M	contrib/less/filename.c	matches-base	diverged
M	contrib/llvm-project/clang/include/clang/Driver/ToolChain.h	matches-base	matches-base
M	contrib/llvm-project/clang/lib/Driver/SanitizerArgs.cpp	matches-base	matches-base
M	contrib/llvm-project/compiler-rt/lib/cfi/cfi.cpp	matches-base	matches-base
M	contrib/llvm-project/compiler-rt/lib/sanitizer_common/sanitizer_linux.cpp	matches-base	matches-base
M	contrib/llvm-project/llvm/lib/MC/MCELFStreamer.cpp	matches-base	matches-base
M	contrib/llvm-project/llvm/lib/ObjCopy/ELF/ELFObject.cpp	matches-base	matches-base
M	contrib/telnet/telnet/commands.c	matches-base	matches-base
M	crypto/openssh/ssh_config	matches-base	matches-base
M	crypto/openssh/sshd_config	matches-base	diverged
M	etc/master.passwd	matches-base	diverged
A	etc/mtree/BSD.hardened.dist	matches-base	matches-base
M	etc/mtree/BSD.root.dist	matches-base	diverged
M	etc/mtree/BSD.usr.dist	matches-base	diverged
M	etc/mtree/Makefile	matches-base	matches-base
A	etc/newsyslog.conf.d/pkg.conf	matches-base	matches-base
M	include/db.h	matches-base	matches-base
M	kerberos5/libexec/digest-service/Makefile	matches-base	matches-base
M	kerberos5/libexec/hprop/Makefile	matches-base	matches-base
M	kerberos5/libexec/hpropd/Makefile	matches-base	matches-base
M	kerberos5/libexec/ipropd-master/Makefile	matches-base	matches-base
M	kerberos5/libexec/ipropd-slave/Makefile	matches-base	matches-base
M	kerberos5/libexec/kadmind/Makefile	matches-base	matches-base
M	kerberos5/libexec/kcm/Makefile	matches-base	matches-base
M	kerberos5/libexec/kdc/Makefile	matches-base	matches-base
M	kerberos5/libexec/kdigest/Makefile	matches-base	matches-base
M	kerberos5/libexec/kfd/Makefile	matches-base	matches-base
M	kerberos5/libexec/kimpersonate/Makefile	matches-base	matches-base
M	kerberos5/libexec/kpasswdd/Makefile	matches-base	matches-base
M	kerberos5/tools/asn1_compile/Makefile	matches-base	matches-base
M	kerberos5/tools/slc/Makefile	matches-base	matches-base
M	kerberos5/usr.bin/hxtool/Makefile	matches-base	matches-base
M	kerberos5/usr.bin/kadmin/Makefile	matches-base	matches-base
M	kerberos5/usr.bin/kcc/Makefile	matches-base	matches-base
M	kerberos5/usr.bin/kdestroy/Makefile	matches-base	matches-base
M	kerberos5/usr.bin/kf/Makefile	matches-base	matches-base
M	kerberos5/usr.bin/kgetcred/Makefile	matches-base	matches-base
M	kerberos5/usr.bin/kinit/Makefile	matches-base	matches-base
M	kerberos5/usr.bin/kpasswd/Makefile	matches-base	matches-base
M	kerberos5/usr.bin/ksu/Makefile	matches-base	matches-base
M	kerberos5/usr.bin/string2key/Makefile	matches-base	matches-base
M	kerberos5/usr.bin/verify_krb5_conf/Makefile	matches-base	matches-base
M	kerberos5/usr.sbin/iprop-log/Makefile	matches-base	matches-base
M	kerberos5/usr.sbin/kstash/Makefile	matches-base	matches-base
M	kerberos5/usr.sbin/ktutil/Makefile	matches-base	matches-base
M	lib/Makefile	matches-base	diverged
M	lib/clang/Makefile.inc	matches-base	matches-base
M	lib/clang/libclang/Makefile	matches-base	matches-base
M	lib/clang/liblldb/LLDBWrapLua.cpp	matches-base	matches-base
M	lib/clang/liblldb/Makefile	matches-base	matches-base
M	lib/clang/libllvm/Makefile	matches-base	diverged
M	lib/clang/llvm.build.mk	matches-base	diverged
M	lib/csu/Makefile.inc	matches-base	matches-base
M	lib/csu/aarch64/Makefile	matches-base	matches-base
M	lib/csu/amd64/Makefile	matches-base	matches-base
M	lib/csu/arm/Makefile	matches-base	matches-base
M	lib/csu/arm/crt1_c.c	matches-base	matches-base
M	lib/csu/i386/Makefile	matches-base	matches-base
M	lib/csu/i386/crt1_c.c	matches-base	matches-base
A	lib/csu/i386/reloc.c	matches-base	matches-base
M	lib/csu/powerpc/Makefile	matches-base	matches-base
M	lib/csu/powerpc/crt1_c.c	matches-base	matches-base
M	lib/csu/powerpc64/Makefile	matches-base	matches-base
M	lib/csu/powerpc64/crt1_c.c	matches-base	matches-base
A	lib/csu/powerpc64/reloc.c	matches-base	matches-base
M	lib/csu/riscv/Makefile	matches-base	matches-base
M	lib/googletest/tests/gmock_main/Makefile	matches-base	matches-base
M	lib/libarchive/tests/Makefile	matches-base	diverged
M	lib/libbe/be.c	matches-base	matches-base
M	lib/libc/csu/Makefile.inc	matches-base	matches-base
M	lib/libc/csu/aarch64/Makefile.inc	matches-base	matches-base
M	lib/libc/csu/amd64/Makefile.inc	matches-base	matches-base
M	lib/libc/db/Symbol.map	matches-base	matches-base
M	lib/libc/db/db/db.c	matches-base	matches-base
M	lib/libc/gen/Symbol.map	matches-base	diverged
M	lib/libc/gen/arc4random.c	matches-base	matches-base
M	lib/libc/gen/dlfcn.c	matches-base	matches-base
M	lib/libc/gen/elf_utils.c	matches-base	matches-base
M	lib/libc/gen/posix_spawn.c	matches-base	diverged
M	lib/libc/stdlib/malloc/jemalloc/include/jemalloc/internal/jemalloc_internal_defs.h	matches-base	matches-base
M	lib/libc/stdlib/malloc/jemalloc/include/jemalloc/jemalloc_FreeBSD.h	matches-base	matches-base
M	lib/libclang_rt/Makefile.inc	matches-base	matches-base
M	lib/libclang_rt/cfi/Makefile	matches-base	matches-base
M	lib/libclang_rt/safestack/Makefile	matches-base	matches-base
M	lib/libcompiler_rt/Makefile	matches-base	matches-base
M	lib/libexecinfo/Makefile	matches-base	matches-base
M	lib/libgcc_eh/Makefile	matches-base	matches-base
M	lib/libgcc_s/Makefile	matches-base	matches-base
A	lib/libhbsdcontrol/Makefile	matches-base	matches-base
A	lib/libhbsdcontrol/aslr.c	matches-base	matches-base
A	lib/libhbsdcontrol/disallow_map32bit.c	matches-base	matches-base
A	lib/libhbsdcontrol/harden_shm.c	matches-base	matches-base
A	lib/libhbsdcontrol/insecure_kmod.c	matches-base	matches-base
A	lib/libhbsdcontrol/libhbsdcontrol.c	matches-base	matches-base
A	lib/libhbsdcontrol/libhbsdcontrol.h	matches-base	matches-base
A	lib/libhbsdcontrol/mprotect.c	matches-base	matches-base
A	lib/libhbsdcontrol/pageexec.c	matches-base	matches-base
A	lib/libhbsdcontrol/prohibit_ptrace_capsicum.c	matches-base	matches-base
A	lib/libhbsdcontrol/segvguard.c	matches-base	matches-base
A	lib/libhbsdcontrol/shlibrandom.c	matches-base	matches-base
M	lib/libjail/jail.c	matches-base	diverged
M	lib/libjail/jail.h	matches-base	matches-base
A	lib/liblattzfs/Makefile	matches-base	matches-base
M	lib/libnv/Makefile	matches-base	matches-base
M	lib/libpam/modules/pam_xdg/pam_xdg.c	matches-base	matches-base
M	lib/librt/Makefile	matches-base	matches-base
M	lib/libsys/auxv.3	matches-base	matches-base
M	lib/libsys/auxv.c	matches-base	matches-base
M	lib/libthr/Makefile	matches-base	matches-base
M	lib/libthr/thread/thr_init.c	matches-base	matches-base
M	lib/libthr/thread/thr_private.h	matches-base	matches-base
M	lib/libthr/thread/thr_stack.c	matches-base	matches-base
M	libexec/rc/rc.conf	matches-base	diverged
M	libexec/rc/rc.d/dumpon	matches-base	diverged
M	libexec/rc/rc.d/kld	matches-base	diverged
M	libexec/rc/rc.d/linux	matches-base	diverged
M	libexec/rc/rc.d/motd	matches-base	diverged
M	libexec/rc/rc.d/os-release	matches-base	diverged
M	libexec/rc/rc.d/sshd	matches-base	matches-base
M	libexec/rc/rc.subr	matches-base	diverged
M	libexec/rpc.rquotad/Makefile	matches-base	matches-base
M	libexec/rpc.rstatd/Makefile	matches-base	matches-base
M	libexec/rpc.rusersd/Makefile	matches-base	matches-base
M	libexec/rpc.rwalld/Makefile	matches-base	matches-base
M	libexec/rpc.sprayd/Makefile	matches-base	matches-base
M	libexec/rtld-elf/Makefile	matches-base	matches-base
M	libexec/rtld-elf/Symbol.map	matches-base	matches-base
M	libexec/rtld-elf/amd64/Makefile.inc	matches-base	matches-base
M	libexec/rtld-elf/map_object.c	matches-base	diverged
M	libexec/rtld-elf/rtld-libc/Makefile.inc	matches-base	matches-base
M	libexec/rtld-elf/rtld.c	matches-base	diverged
M	release/Makefile	matches-base	diverged
M	release/Makefile.azure	matches-base	matches-base
M	release/Makefile.ec2	matches-base	matches-base
M	release/Makefile.gce	matches-base	diverged
M	release/Makefile.inc1	matches-base	matches-base
M	release/Makefile.mirrors	matches-base	matches-base
M	release/Makefile.oci	matches-base	matches-base
M	release/Makefile.vagrant	matches-base	matches-base
M	release/Makefile.vm	matches-base	diverged
M	release/amd64/make-memstick.sh	matches-base	diverged
M	release/amd64/mkisoimages.sh	matches-base	diverged
M	release/arm64/RPI.conf	matches-base	matches-base
M	release/arm64/make-memstick.sh	matches-base	diverged
M	release/arm64/mkisoimages.sh	matches-base	diverged
M	release/i386/make-memstick.sh	matches-base	diverged
M	release/i386/mkisoimages.sh	matches-base	diverged
A	release/packages/Makefile.package	matches-base	matches-base
A	release/packages/certctl.ucl	matches-base	matches-base
A	release/packages/clang-all.ucl	matches-base	matches-base
A	release/packages/clibs.ucl	matches-base	matches-base
M	release/packages/generate-ucl.lua	matches-base	matches-base
M	release/packages/generate-ucl.sh	matches-base	matches-base
A	release/packages/hardenedbsd.ucl	matches-base	matches-base
A	release/packages/lld-all.ucl	matches-base	matches-base
A	release/packages/lldb-all.ucl	matches-base	matches-base
A	release/packages/runtime.ucl	matches-base	matches-base
A	release/packages/ssh-all.ucl	matches-base	matches-base
M	release/packages/template.ucl	matches-base	diverged
M	release/packages/ucl/README	matches-base	diverged
A	release/packages/ucl/hardenedbsd-all.ucl	matches-base	matches-base
A	release/packages/ucl/libhbsdcontrol-all.ucl	matches-base	matches-base
A	release/packages/unbound-all.ucl	matches-base	matches-base
A	release/packages/utilities.ucl	matches-base	matches-base
M	release/pkg_repos/release-dvd.conf	matches-base	diverged
M	release/powerpc/generate-hfs.sh	matches-base	diverged
M	release/powerpc/mkisoimages.sh	matches-base	diverged
A	release/powerpc/powerpcspe.conf	matches-base	matches-base
M	release/release.conf.sample	matches-base	diverged
M	release/release.sh	matches-base	diverged
M	release/riscv/make-memstick.sh	matches-base	diverged
M	release/riscv/mkisoimages.sh	matches-base	diverged
A	release/scripts/HardenedBSD-base-offline.conf	matches-base	matches-base
M	release/scripts/atlas-upload.sh	matches-base	diverged
M	release/scripts/make-manifest.sh	matches-base	diverged
M	release/scripts/make-oci-image.sh	matches-base	diverged
M	release/scripts/make-pkg-package.sh	matches-base	diverged
M	release/scripts/mk-vmimage.sh	matches-base	diverged
M	release/scripts/mtree-to-plist.awk	matches-base	diverged
M	release/scripts/pkg-stage.sh	matches-base	diverged
M	release/scripts/pkgbase-stage.lua	matches-base	diverged
M	release/tools/arm.subr	matches-base	diverged
M	release/tools/azure.conf	matches-base	diverged
M	release/tools/basic-ci.conf	matches-base	matches-base
M	release/tools/basic-cloudinit.conf	matches-base	diverged
M	release/tools/ec2-base.conf	matches-base	diverged
M	release/tools/ec2-builder.conf	matches-base	diverged
M	release/tools/ec2-cloud-init.conf	matches-base	diverged
M	release/tools/ec2-small.conf	matches-base	diverged
M	release/tools/ec2.conf	matches-base	diverged
M	release/tools/gce.conf	matches-base	diverged
M	release/tools/oci-image-dynamic.conf	matches-base	diverged
A	release/tools/oci-image-minimal.conf	matches-base	matches-base
M	release/tools/oci-image-notoolchain.conf	matches-base	diverged
M	release/tools/oci-image-runtime.conf	matches-base	diverged
M	release/tools/oci-image-static.conf	matches-base	diverged
M	release/tools/openstack.conf	matches-base	matches-base
A	release/tools/oracle.conf	matches-base	matches-base
M	release/tools/vagrant.conf	matches-base	diverged
M	release/tools/vmimage.subr	matches-base	diverged
M	rescue/librescue/Makefile	matches-base	matches-base
M	rescue/rescue/Makefile	matches-base	matches-base
M	sbin/devd/devd.conf	matches-base	diverged
M	sbin/geom/Makefile	matches-base	matches-base
M	sbin/init/Makefile	matches-base	diverged
M	sbin/md5/Makefile	matches-base	matches-base
M	sbin/mount_nfs/Makefile	matches-base	matches-base
M	secure/lib/libcrypto/modules/Makefile.inc	matches-base	matches-base
M	secure/libexec/ssh-sk-helper/Makefile	matches-base	diverged
M	secure/usr.bin/openssl/Makefile	matches-base	matches-base
M	share/examples/Makefile	matches-base	diverged
A	share/examples/hardenedbsd/hbsdcontrol.sh	matches-base	matches-base
M	share/keys/Makefile	matches-base	matches-base
A	share/keys/hbsd-update/Makefile	matches-base	matches-base
A	share/keys/hbsd-update/trusted/Makefile	matches-base	matches-base
A	share/keys/hbsd-update/trusted/ca.hardenedbsd.org	matches-base	matches-base
A	share/keys/hbsd-update/trusted/dnssec.key-2016-07-30	matches-base	matches-base
M	share/keys/pkg/trusted/Makefile	matches-base	matches-base
A	share/keys/pkg/trusted/pkg.hardenedbsd.org.2014-09-04	matches-base	matches-base
M	share/man/man4/Makefile	matches-base	diverged
A	share/man/man4/aslr.4	matches-base	matches-base
A	share/man/man4/hardening.4	matches-base	matches-base
M	share/man/man5/Makefile	matches-base	diverged
A	share/man/man5/hbsd-update-build.conf.5	matches-base	matches-base
A	share/man/man5/hbsd-update.conf.5	matches-base	matches-base
M	share/man/man5/src.conf.5	matches-base	diverged
M	share/man/man9/sysctl.9	matches-base	matches-base
M	share/mk/Makefile	matches-base	matches-base
M	share/mk/bsd.compat.pre.mk	matches-base	matches-base
M	share/mk/bsd.crunchgen.mk	matches-base	matches-base
A	share/mk/bsd.hardenedbsd.mk	matches-base	matches-base
M	share/mk/bsd.init.mk	matches-base	diverged
M	share/mk/bsd.lib.mk	matches-base	matches-base
M	share/mk/bsd.opts.mk	matches-base	matches-base
M	share/mk/bsd.own.mk	matches-base	matches-base
M	share/mk/bsd.prog.mk	matches-base	diverged
M	share/mk/bsd.progs.mk	matches-base	matches-base
M	share/mk/bsd.suffixes-extra.mk	matches-base	matches-base
M	share/mk/bsd.sys.mk	matches-base	diverged
M	share/mk/src.libnames.mk	matches-base	diverged
M	share/mk/src.opts.mk	matches-base	diverged
M	share/mk/sys.mk	matches-base	matches-base
M	stand/Makefile.inc	matches-base	matches-base
M	stand/defaults/loader.conf	matches-base	diverged
M	stand/defs.mk	matches-base	diverged
M	stand/efi/libefi/Makefile	matches-base	diverged
M	stand/efi/loader/Makefile	matches-base	diverged
M	stand/efi/loader/arch/arm64/Makefile.inc	matches-base	matches-base
M	stand/fdt/Makefile	matches-base	matches-base
M	stand/ficl/Makefile	matches-base	matches-base
M	stand/ficl32/Makefile	matches-base	matches-base
M	stand/forth/Makefile	matches-base	matches-base
M	stand/forth/beastie.4th	matches-base	matches-base
A	stand/forth/brand-hbsd.4th	matches-base	matches-base
M	stand/forth/brand.4th	matches-base	matches-base
A	stand/forth/logo-hardenedbsd.4th	matches-base	matches-base
A	stand/forth/logo-hardenedbsdbw.4th	matches-base	matches-base
M	stand/forth/menu.4th	matches-base	diverged
M	stand/i386/Makefile.inc	matches-base	matches-base
M	stand/images/Makefile	matches-base	diverged
A	stand/images/hardenedbsd-brand-rev.png	matches-base	matches-base
A	stand/images/hardenedbsd-logo-rev.png	matches-base	matches-base
M	stand/liblua32/Makefile	matches-base	matches-base
M	stand/libsa32/Makefile	matches-base	matches-base
M	stand/loader.mk	matches-base	diverged
M	stand/lua/Makefile	matches-base	diverged
M	stand/lua/drawer.lua	matches-base	diverged
A	stand/lua/gfx-hbsd.lua	matches-base	matches-base
A	stand/lua/logo-hardenedbsd.lua	matches-base	matches-base
A	stand/lua/logo-hardenedbsdbw.lua	matches-base	matches-base
M	stand/usb/Makefile	matches-base	matches-base
M	sys/amd64/amd64/elf_machdep.c	matches-base	matches-base
M	sys/amd64/amd64/exec_machdep.c	matches-base	diverged
M	sys/amd64/amd64/initcpu.c	matches-base	diverged
M	sys/amd64/amd64/machdep.c	matches-base	diverged
M	sys/amd64/amd64/pmap.c	matches-base	diverged
A	sys/amd64/conf/HARDENEDBSD	matches-base	matches-base
A	sys/amd64/conf/HARDENEDBSD-CORE	matches-base	matches-base
A	sys/amd64/conf/HARDENEDBSD-MINIMAL	matches-base	matches-base
A	sys/amd64/conf/HARDENEDBSD-NODEBUG	matches-base	matches-base
A	sys/amd64/conf/LATT-SEC	matches-base	matches-base
M	sys/amd64/conf/NOTES	matches-base	diverged
M	sys/amd64/ia32/ia32_signal.c	matches-base	diverged
M	sys/amd64/include/cpufunc.h	matches-base	diverged
D	sys/amd64/include/sgx.h	matches-base	matches-base
D	sys/amd64/include/sgxreg.h	matches-base	matches-base
M	sys/amd64/include/vmparam.h	matches-base	matches-base
M	sys/amd64/linux/linux_sysvec.c	matches-base	diverged
M	sys/amd64/linux32/linux32_sysvec.c	matches-base	diverged
D	sys/amd64/sgx/sgx.c	matches-base	matches-base
D	sys/amd64/sgx/sgx_linux.c	matches-base	matches-base
D	sys/amd64/sgx/sgx_support.S	matches-base	matches-base
D	sys/amd64/sgx/sgxvar.h	matches-base	matches-base
M	sys/amd64/vmm/x86.c	matches-base	diverged
M	sys/arm/arm/elf_machdep.c	matches-base	matches-base
M	sys/arm/arm/exec_machdep.c	matches-base	matches-base
M	sys/arm/arm/machdep.c	matches-base	diverged
A	sys/arm/conf/BEAGLEBONE-ASLR	matches-base	matches-base
A	sys/arm/conf/BEAGLEBONE-HARDENEDBSD	matches-base	matches-base
A	sys/arm/conf/LATT-ASLR	matches-base	matches-base
A	sys/arm/conf/RPI2-HARDENEDBSD	matches-base	matches-base
M	sys/arm64/arm64/elf_machdep.c	matches-base	matches-base
M	sys/arm64/arm64/exec_machdep.c	matches-base	diverged
M	sys/arm64/arm64/freebsd32_machdep.c	matches-base	diverged
M	sys/arm64/arm64/pmap.c	matches-base	diverged
A	sys/arm64/conf/HARDENEDBSD	matches-base	matches-base
A	sys/arm64/conf/HARDENEDBSD-MMCCAM	matches-base	matches-base
A	sys/arm64/conf/HARDENEDBSD-NODEBUG	matches-base	matches-base
A	sys/arm64/conf/HARDENEDBSD-UP	matches-base	matches-base
M	sys/arm64/linux/linux_sysvec.c	matches-base	diverged
M	sys/arm64/nvidia/tegra210/tegra210_cpufreq.c	matches-base	matches-base
M	sys/cam/mmc/mmc_da.c	matches-base	diverged
M	sys/compat/freebsd32/freebsd32.h	matches-base	matches-base
M	sys/compat/freebsd32/freebsd32_misc.c	matches-base	diverged
M	sys/compat/ia32/ia32_sysvec.c	matches-base	matches-base
M	sys/compat/lindebugfs/lindebugfs.c	matches-base	diverged
M	sys/compat/linprocfs/linprocfs.c	matches-base	diverged
M	sys/compat/linux/linux_common.c	matches-base	diverged
M	sys/compat/linux/linux_elf.c	matches-base	diverged
M	sys/compat/linux/linux_misc.c	matches-base	diverged
M	sys/compat/linux/linux_mmap.c	matches-base	diverged
M	sys/conf/NOTES	matches-base	diverged
M	sys/conf/files	matches-base	diverged
M	sys/conf/kern.mk	matches-base	diverged
M	sys/conf/kern.opts.mk	matches-base	diverged
M	sys/conf/kmod.mk	matches-base	diverged
M	sys/conf/newvers.sh	matches-base	diverged
M	sys/conf/options	matches-base	diverged
M	sys/conf/options.amd64	matches-base	diverged
M	sys/conf/options.arm64	matches-base	matches-base
M	sys/conf/options.i386	matches-base	matches-base
M	sys/contrib/openzfs/lib/libzfs/os/freebsd/libzfs_compat.c	matches-base	diverged
M	sys/contrib/openzfs/module/zfs/zfs_vnops.c	matches-base	diverged
M	sys/ddb/db_ps.c	matches-base	diverged
M	sys/dev/axgbe/if_axgbe_pci.c	matches-base	diverged
M	sys/dev/cxgbe/iw_cxgbe/cm.c	matches-base	diverged
M	sys/dev/drm2/drm_sysctl.c	matches-base	matches-base
M	sys/dev/firewire/firewire.c	matches-base	diverged
M	sys/dev/kbd/kbd.c	matches-base	matches-base
M	sys/dev/mrsas/mrsas.c	matches-base	matches-base
M	sys/dev/netmap/netmap_freebsd.c	matches-base	diverged
M	sys/dev/qlnx/qlnxe/qlnx_os.c	matches-base	diverged
M	sys/dev/random/fortuna.c	matches-base	matches-base
M	sys/dev/sound/pcm/dsp.c	matches-base	diverged
M	sys/dev/sound/pcm/mixer.c	matches-base	diverged
M	sys/dev/usb/usb_request.c	matches-base	matches-base
M	sys/dev/virtio/p9fs/virtio_p9fs.c	matches-base	diverged
M	sys/fs/fuse/fuse_main.c	matches-base	diverged
M	sys/fs/procfs/procfs_dbregs.c	matches-base	matches-base
M	sys/fs/procfs/procfs_fpregs.c	matches-base	matches-base
M	sys/fs/procfs/procfs_mem.c	matches-base	diverged
M	sys/fs/procfs/procfs_regs.c	matches-base	matches-base
M	sys/fs/smbfs/smbfs_vfsops.c	matches-base	matches-base
M	sys/fs/tarfs/tarfs_vnops.c	matches-base	matches-base
M	sys/fs/tmpfs/tmpfs_vnops.c	matches-base	diverged
M	sys/geom/geom_ctl.c	matches-base	diverged
M	sys/geom/geom_dev.c	matches-base	matches-base
M	sys/geom/geom_kern.c	matches-base	matches-base
A	sys/hardenedbsd/hbsd_control_acl.c	matches-base	matches-base
A	sys/hardenedbsd/hbsd_control_extattr.c	matches-base	matches-base
A	sys/hardenedbsd/hbsd_grsec_tpe.c	matches-base	matches-base
A	sys/hardenedbsd/hbsd_pax_SKEL.c	matches-base	matches-base
A	sys/hardenedbsd/hbsd_pax_aslr.c	matches-base	matches-base
A	sys/hardenedbsd/hbsd_pax_common.c	matches-base	matches-base
A	sys/hardenedbsd/hbsd_pax_hardening.c	matches-base	matches-base
A	sys/hardenedbsd/hbsd_pax_internal.h	matches-base	matches-base
A	sys/hardenedbsd/hbsd_pax_log.c	matches-base	matches-base
A	sys/hardenedbsd/hbsd_pax_noexec.c	matches-base	matches-base
A	sys/hardenedbsd/hbsd_pax_segvguard.c	matches-base	matches-base
A	sys/i386/conf/HARDENEDBSD	matches-base	matches-base
A	sys/i386/conf/LATT-ASLR	matches-base	matches-base
M	sys/i386/i386/elf_machdep.c	matches-base	matches-base
M	sys/i386/i386/exec_machdep.c	matches-base	matches-base
D	sys/i386/linux/imgact_linux.c	matches-base	matches-base
M	sys/i386/linux/linux_sysvec.c	matches-base	diverged
D	sys/kern/imgact_aout.c	matches-base	matches-base
M	sys/kern/imgact_elf.c	matches-base	diverged
M	sys/kern/init_main.c	matches-base	matches-base
M	sys/kern/kern_descrip.c	matches-base	diverged
M	sys/kern/kern_environment.c	matches-base	diverged
M	sys/kern/kern_exec.c	matches-base	diverged
M	sys/kern/kern_fork.c	matches-base	diverged
M	sys/kern/kern_jail.c	matches-base	diverged
M	sys/kern/kern_linker.c	matches-base	diverged
M	sys/kern/kern_malloc.c	matches-base	diverged
M	sys/kern/kern_mib.c	matches-base	diverged
M	sys/kern/kern_module.c	matches-base	matches-base
M	sys/kern/kern_priv.c	matches-base	diverged
M	sys/kern/kern_proc.c	matches-base	diverged
M	sys/kern/kern_procctl.c	matches-base	diverged
M	sys/kern/kern_prot.c	matches-base	diverged
M	sys/kern/kern_racct.c	matches-base	matches-base
M	sys/kern/kern_resource.c	matches-base	diverged
M	sys/kern/kern_sharedpage.c	matches-base	matches-base
M	sys/kern/kern_shutdown.c	matches-base	diverged
M	sys/kern/kern_sig.c	matches-base	diverged
M	sys/kern/kern_sysctl.c	matches-base	diverged
M	sys/kern/kern_thr.c	matches-base	diverged
M	sys/kern/kern_thread.c	matches-base	diverged
M	sys/kern/kern_ucoredump.c	matches-base	diverged
M	sys/kern/link_elf.c	matches-base	diverged
M	sys/kern/link_elf_obj.c	matches-base	matches-base
M	sys/kern/subr_module.c	matches-base	matches-base
M	sys/kern/subr_msgbuf.c	matches-base	matches-base
M	sys/kern/subr_prf.c	matches-base	matches-base
M	sys/kern/subr_syscall.c	matches-base	diverged
M	sys/kern/subr_unit.c	matches-base	matches-base
M	sys/kern/subr_witness.c	matches-base	diverged
M	sys/kern/sys_process.c	matches-base	diverged
M	sys/kern/tty.c	matches-base	diverged
M	sys/kern/tty_info.c	matches-base	matches-base
M	sys/kern/uipc_shm.c	matches-base	diverged
M	sys/kern/vfs_lookup.c	matches-base	diverged
M	sys/kern/vfs_mount.c	diverged	diverged
M	sys/kern/vfs_syscalls.c	matches-base	diverged
M	sys/libkern/iconv.c	matches-base	matches-base
A	sys/mips/conf/HARDENEDBSD	matches-base	matches-base
A	sys/mips/conf/MALTA-HARDENEDBSD	matches-base	matches-base
A	sys/mips/conf/MALTA64-HARDENEDBSD	matches-base	matches-base
M	sys/modules/Makefile	matches-base	diverged
D	sys/modules/aout/Makefile	matches-base	matches-base
M	sys/modules/bhnd/Makefile	matches-base	matches-base
M	sys/modules/fusefs/Makefile	matches-base	matches-base
M	sys/modules/geom/geom_eli/Makefile	matches-base	matches-base
M	sys/modules/ipfw/Makefile	matches-base	matches-base
M	sys/modules/ipfw_nat/Makefile	matches-base	matches-base
M	sys/modules/ipfw_nat64/Makefile	matches-base	matches-base
M	sys/modules/ipfw_nptv6/Makefile	matches-base	matches-base
M	sys/modules/ipfw_pmod/Makefile	matches-base	matches-base
M	sys/modules/iwlwifi/Makefile	matches-base	diverged
M	sys/modules/linux/Makefile	matches-base	diverged
M	sys/modules/linux64/Makefile	matches-base	diverged
M	sys/modules/linuxkpi/Makefile	matches-base	diverged
M	sys/modules/linuxkpi_hdmi/Makefile	matches-base	matches-base
M	sys/modules/linuxkpi_video/Makefile	matches-base	matches-base
M	sys/modules/linuxkpi_wlan/Makefile	matches-base	diverged
M	sys/modules/netlink/Makefile	matches-base	diverged
M	sys/modules/opensolaris/Makefile	matches-base	matches-base
M	sys/modules/pf/Makefile	matches-base	matches-base
M	sys/modules/pflog/Makefile	matches-base	matches-base
M	sys/modules/pfsync/Makefile	matches-base	matches-base
D	sys/modules/sgx/Makefile	matches-base	matches-base
D	sys/modules/sgx_linux/Makefile	matches-base	matches-base
M	sys/modules/tarfs/Makefile	matches-base	matches-base
M	sys/modules/tmpfs/Makefile	matches-base	matches-base
M	sys/modules/usb/uvideo/Makefile	matches-base	diverged
M	sys/modules/video/Makefile	matches-base	diverged
M	sys/modules/virtio/network/Makefile	matches-base	matches-base
M	sys/modules/vmm/Makefile	matches-base	diverged
M	sys/modules/zfs/Makefile	matches-base	diverged
M	sys/modules/zlib/Makefile	matches-base	matches-base
M	sys/netinet/accf_dns.c	matches-base	matches-base
M	sys/netinet/accf_http.c	matches-base	matches-base
M	sys/netinet/in_pcb.c	matches-base	diverged
M	sys/netinet/ip.h	matches-base	matches-base
M	sys/netinet/ip_icmp.c	matches-base	diverged
M	sys/netinet/ip_id.c	matches-base	matches-base
M	sys/netinet/ip_input.c	matches-base	matches-base
M	sys/netinet/ip_reass.c	matches-base	matches-base
M	sys/netinet/raw_ip.c	matches-base	diverged
M	sys/netinet/tcp_input.c	matches-base	diverged
M	sys/netinet/udp_usrreq.c	matches-base	diverged
M	sys/netinet6/icmp6.c	matches-base	diverged
M	sys/netinet6/in6_pcb.c	matches-base	diverged
M	sys/netinet6/in6_proto.c	matches-base	matches-base
M	sys/netinet6/in6_src.c	matches-base	diverged
M	sys/netinet6/nd6_rtr.c	matches-base	diverged
M	sys/netlink/netlink_message_writer.c	matches-base	matches-base
A	sys/powerpc/conf/HARDENEDBSD64	matches-base	matches-base
M	sys/powerpc/powerpc/elf32_machdep.c	matches-base	matches-base
M	sys/powerpc/powerpc/elf64_machdep.c	matches-base	diverged
M	sys/powerpc/powerpc/elf_common.c	matches-base	matches-base
M	sys/powerpc/powerpc/exec_machdep.c	matches-base	diverged
M	sys/powerpc/pseries/phyp_vscsi.c	matches-base	matches-base
A	sys/riscv/conf/HARDENEDBSD	matches-base	matches-base
A	sys/riscv/conf/HARDENEDBSD-CORE	matches-base	matches-base
A	sys/riscv/conf/QEMU-HARDENEDBSD	matches-base	matches-base
M	sys/riscv/conf/std.starfive	matches-base	matches-base
M	sys/riscv/riscv/elf_machdep.c	matches-base	matches-base
M	sys/riscv/riscv/exec_machdep.c	matches-base	diverged
M	sys/security/mac_do/mac_do.c	matches-base	diverged
M	sys/sys/copyright.h	matches-base	matches-base
M	sys/sys/elf_common.h	matches-base	diverged
M	sys/sys/exec.h	matches-base	matches-base
M	sys/sys/imgact.h	matches-base	diverged
M	sys/sys/imgact_elf.h	matches-base	diverged
M	sys/sys/jail.h	matches-base	diverged
M	sys/sys/kernel.h	matches-base	diverged
M	sys/sys/ktr_class.h	matches-base	matches-base
M	sys/sys/link_elf.h	matches-base	matches-base
M	sys/sys/linker.h	matches-base	matches-base
M	sys/sys/mount.h	matches-base	diverged
A	sys/sys/pax.h	matches-base	matches-base
M	sys/sys/priv.h	matches-base	diverged
M	sys/sys/proc.h	matches-base	diverged
M	sys/sys/sysctl.h	matches-base	diverged
M	sys/sys/sysent.h	matches-base	diverged
M	sys/sys/user.h	matches-base	diverged
M	sys/vm/vm_map.c	matches-base	diverged
M	sys/vm/vm_map.h	matches-base	diverged
M	sys/vm/vm_mmap.c	matches-base	diverged
M	sys/vm/vm_object.c	matches-base	diverged
M	sys/vm/vm_phys.c	matches-base	diverged
M	sys/vm/vm_unix.c	matches-base	matches-base
M	sys/x86/include/specialreg.h	matches-base	diverged
M	sys/x86/x86/cpu_machdep.c	matches-base	matches-base
M	sys/x86/x86/identcpu.c	matches-base	diverged
M	sys/x86/x86/mp_x86.c	matches-base	diverged
M	targets/pseudo/bootstrap-tools/Makefile	matches-base	matches-base
M	targets/pseudo/userland/share/Makefile.depend	matches-base	matches-base
M	tests/sys/kern/kern_copyin.c	matches-base	matches-base
M	tools/boot/install-boot.sh	matches-base	diverged
M	tools/build/Makefile	matches-base	diverged
M	tools/build/mk/OptionalObsoleteFiles.inc	matches-base	diverged
A	tools/build/options/WITHOUT_CFI	matches-base	matches-base
D	tools/build/options/WITHOUT_FREEBSD_UPDATE	matches-base	matches-base
A	tools/build/options/WITHOUT_HBSDCONTROL	matches-base	matches-base
A	tools/build/options/WITHOUT_HBSD_UPDATE	matches-base	matches-base
D	tools/build/options/WITHOUT_KERNEL_RETPOLINE	matches-base	matches-base
D	tools/build/options/WITHOUT_LIB32	matches-base	matches-base
A	tools/build/options/WITHOUT_LTOLIB	matches-base	matches-base
D	tools/build/options/WITHOUT_PIE	matches-base	matches-base
A	tools/build/options/WITHOUT_SAFESTACK	matches-base	matches-base
A	tools/build/options/WITHOUT_UNINIT_AUTOINIT	matches-base	matches-base
D	tools/build/options/WITHOUT_ZEROREGS	matches-base	matches-base
A	tools/build/options/WITH_CFI	matches-base	matches-base
A	tools/build/options/WITH_DEVD_PIE	matches-base	matches-base
A	tools/build/options/WITH_FREEBSD_UPDATE	matches-base	matches-base
D	tools/build/options/WITH_KERNEL_RETPOLINE	matches-base	matches-base
D	tools/build/options/WITH_LLVM_LINK_STATIC_LIBRARIES	matches-base	matches-base
A	tools/build/options/WITH_LTOLIB	matches-base	matches-base
D	tools/build/options/WITH_PIE	matches-base	matches-base
A	tools/build/options/WITH_SAFESTACK	matches-base	matches-base
A	tools/build/options/WITH_SHLIBRANDOM	matches-base	matches-base
A	tools/build/options/WITH_SPECTREV1_FIX	matches-base	matches-base
D	tools/build/options/WITH_ZEROREGS	matches-base	matches-base
M	tools/test/stress2/misc/mmap39.sh	matches-base	matches-base
M	tools/tools/nanobsd/embedded/qemu-powerpc64.cfg	matches-base	matches-base
M	usr.bin/Makefile	matches-base	diverged
M	usr.bin/ar/Makefile	matches-base	matches-base
M	usr.bin/calendar/Makefile	matches-base	matches-base
A	usr.bin/calendar/calendars/calendar.all	matches-base	matches-base
M	usr.bin/cap_mkdb/Makefile	matches-base	matches-base
M	usr.bin/clang/Makefile.inc	matches-base	matches-base
M	usr.bin/clang/clang.prog.mk	matches-base	matches-base
M	usr.bin/clang/lld/Makefile	matches-base	matches-base
M	usr.bin/clang/lldb-server/Makefile	matches-base	matches-base
M	usr.bin/clang/lldb/Makefile	matches-base	matches-base
M	usr.bin/clang/llvm.prog.mk	matches-base	matches-base
M	usr.bin/gcore/gcore.c	matches-base	matches-base
M	usr.bin/grep/Makefile	matches-base	matches-base
A	usr.bin/lint/Makefile	matches-base	matches-base
M	usr.bin/logger/logger.c	matches-base	matches-base
M	usr.bin/login/login.conf	matches-base	diverged
M	usr.bin/login/motd.template	matches-base	diverged
M	usr.bin/mail/Makefile	matches-base	matches-base
M	usr.bin/nc/Makefile	matches-base	matches-base
M	usr.bin/nm/Makefile	matches-base	matches-base
M	usr.bin/procstat/procstat_auxv.c	matches-base	matches-base
M	usr.bin/rpcgen/Makefile	matches-base	matches-base
M	usr.bin/rpcinfo/Makefile	matches-base	diverged
M	usr.bin/showmount/Makefile	matches-base	matches-base
M	usr.bin/tsort/Makefile	matches-base	matches-base
M	usr.bin/vi/Makefile	matches-base	matches-base
M	usr.sbin/Makefile	matches-base	diverged
M	usr.sbin/adduser/adduser.sh	matches-base	diverged
M	usr.sbin/bhyve/amd64/xmsr.c	matches-base	matches-base
M	usr.sbin/bhyveload/Makefile	matches-base	matches-base
M	usr.sbin/blacklistd/Makefile	matches-base	matches-base
M	usr.sbin/bsdconfig/console/include/messages.subr	matches-base	matches-base
M	usr.sbin/bsdconfig/include/messages.subr	matches-base	matches-base
M	usr.sbin/bsdconfig/share/common.subr	matches-base	diverged
M	usr.sbin/bsdconfig/share/media/http.subr	matches-base	matches-base
M	usr.sbin/bsdconfig/share/mustberoot.subr	matches-base	matches-base
A	usr.sbin/bsdinstall/HardenedBSD-base.conf.in	matches-base	matches-base
M	usr.sbin/bsdinstall/Makefile	matches-base	diverged
M	usr.sbin/bsdinstall/scripts/auto	matches-base	diverged
M	usr.sbin/bsdinstall/scripts/config	matches-base	diverged
M	usr.sbin/bsdinstall/scripts/hardening	matches-base	diverged
M	usr.sbin/bsdinstall/scripts/mirrorselect	matches-base	diverged
M	usr.sbin/bsdinstall/scripts/pkgbase.in	matches-base	diverged
M	usr.sbin/cron/cron/Makefile	matches-base	diverged
M	usr.sbin/etcupdate/tests/preworld_test.sh	matches-base	matches-base
M	usr.sbin/gssd/Makefile	matches-base	matches-base
A	usr.sbin/hbsd-update/Makefile	matches-base	matches-base
A	usr.sbin/hbsd-update/hbsd-update	matches-base	matches-base
A	usr.sbin/hbsd-update/hbsd-update-build	matches-base	matches-base
A	usr.sbin/hbsd-update/hbsd-update-build.8	matches-base	matches-base
A	usr.sbin/hbsd-update/hbsd-update.8	matches-base	matches-base
A	usr.sbin/hbsd-update/hbsd-update.conf	matches-base	matches-base
A	usr.sbin/hbsd-update/hbsd-update.tor.conf	matches-base	matches-base
A	usr.sbin/hbsdcontrol/Makefile	matches-base	matches-base
A	usr.sbin/hbsdcontrol/hbsdcontrol.8	matches-base	matches-base
A	usr.sbin/hbsdcontrol/hbsdcontrol.c	matches-base	matches-base
M	usr.sbin/iscsid/Makefile	matches-base	matches-base
M	usr.sbin/jail/config.c	matches-base	diverged
M	usr.sbin/jail/jail.c	matches-base	diverged
M	usr.sbin/jail/jailp.h	matches-base	matches-base
M	usr.sbin/jail/jailparse.y	matches-base	matches-base
M	usr.sbin/jail/state.c	matches-base	matches-base
M	usr.sbin/mountd/Makefile	matches-base	matches-base
M	usr.sbin/newsyslog/newsyslog.conf	matches-base	matches-base
M	usr.sbin/newsyslog/newsyslog.conf.d/amd.conf	matches-base	matches-base
M	usr.sbin/newsyslog/newsyslog.conf.d/lpr.conf	matches-base	matches-base
M	usr.sbin/nfscbd/Makefile	matches-base	matches-base
M	usr.sbin/nfsuserd/Makefile	matches-base	matches-base
M	usr.sbin/ntp/Makefile	matches-base	matches-base
M	usr.sbin/ntp/ntpd/Makefile	matches-base	matches-base
M	usr.sbin/ntp/ntpd/ntp.conf	matches-base	matches-base
A	usr.sbin/periodic/etc/security/120.hardenedmtree	matches-base	matches-base
M	usr.sbin/periodic/etc/security/Makefile	matches-base	matches-base
M	usr.sbin/periodic/periodic.conf	matches-base	matches-base
M	usr.sbin/pkg/FreeBSD.conf.latest	matches-base	matches-base
M	usr.sbin/pkg/FreeBSD.conf.quarterly	matches-base	matches-base
A	usr.sbin/pkg/HardenedBSD.conf	matches-base	matches-base
A	usr.sbin/pkg/HardenedBSD.pkgbase.conf	matches-base	matches-base
A	usr.sbin/pkg/HardenedBSD.pkgbase.tor.conf	matches-base	matches-base
A	usr.sbin/pkg/HardenedBSD.tor.conf	matches-base	matches-base
M	usr.sbin/pkg/Makefile	matches-base	diverged
M	usr.sbin/ppp/Makefile	matches-base	matches-base
M	usr.sbin/pw/tests/master.passwd	matches-base	matches-base
M	usr.sbin/pwd_mkdb/Makefile	matches-base	matches-base
M	usr.sbin/rpc.lockd/Makefile	matches-base	matches-base
M	usr.sbin/rpc.statd/Makefile	matches-base	matches-base
M	usr.sbin/rpc.tlsclntd/Makefile	matches-base	matches-base
M	usr.sbin/rpc.tlsservd/Makefile	matches-base	matches-base
M	usr.sbin/rpc.umntall/Makefile	matches-base	matches-base
M	usr.sbin/rpc.yppasswdd/Makefile	matches-base	matches-base
M	usr.sbin/rpc.ypxfrd/Makefile	matches-base	matches-base
M	usr.sbin/rpcbind/Makefile	matches-base	matches-base
M	usr.sbin/sa/extern.h	matches-base	matches-base
M	usr.sbin/sendmail/Makefile	matches-base	matches-base
M	usr.sbin/services_mkdb/Makefile	matches-base	matches-base
A	usr.sbin/syslogd/pkg.conf	matches-base	matches-base
M	usr.sbin/syslogd/syslog.conf	matches-base	matches-base
M	usr.sbin/unbound/Makefile	matches-base	matches-base
M	usr.sbin/unbound/checkconf/Makefile	matches-base	matches-base
M	usr.sbin/unbound/daemon/Makefile	matches-base	matches-base
A	usr.sbin/unbound/host/Makefile	matches-base	matches-base
M	usr.sbin/wpa/Makefile.inc	matches-base	diverged
M	usr.sbin/yp_mkdb/Makefile	matches-base	matches-base
